﻿State,Dewpoint
Maine,55
Vermont,55
New Hampshire,55
New York,55
Massachusetts,55
Connecticut,55
Rhode Island,55
Pennsylvania,65
New Jersey,65
Michigan,60
Maryland,65
West Virginia,65
Delaware,65
Virginia,68
North Carolina,70
South Carolina,70
Georgia,70
Florida,75
Alabama,70
Mississippi,75
Louisiana,75
Texas,70
Arkansas,70
Tennessee,70
Kentucky,70
Missouri,70
Indiana,65
Illinois,65
Ohio,60
Wisconsin,60
Minnesota,60
North Dakota,55
South Dakota,55
Nebraska,55
Kansas,60
Oklahoma,65
Iowa,65
Montana,40
Wyoming,40
Colorado,40
Utah,35
Nevada,30
Idaho,35
Washington,45
Oregon,45
California,45
Arizona,45
New Mexico,45
